{"espOptionsButton":{"Enabled":false,"Window":"renderWindow","Type":"OptionsButton"},"modeDropdown_fovchangerOptionsButton":{"Value":"set","Type":"Dropdown","OptionsButton":"fovchangerOptionsButton"},"satSlider_colorsOptionsButton":{"Value":100,"Type":"Slider","OptionsButton":"colorsOptionsButton"},"valueSlider_speedOptionsButton":{"Value":20,"Type":"Slider","OptionsButton":"speedOptionsButton"},"anti humanoid tagToggle_nametagsOptionsButton":{"Enabled":false,"Type":"Toggle","OptionsButton":"nametagsOptionsButton"},"nametagsOptionsButton":{"Enabled":false,"Window":"renderWindow","Type":"OptionsButton"},"flyOptionsButton":{"Enabled":false,"Window":"movementWindow","Type":"OptionsButton"},"valSlider_colorsOptionsButton":{"Value":100,"Type":"Slider","OptionsButton":"colorsOptionsButton"},"modeDropdown_highjumpOptionsButton":{"Value":"toggle","Type":"Dropdown","OptionsButton":"highjumpOptionsButton"},"delaySlider_autoqueueOptionsButton":{"Value":0,"Type":"Slider","OptionsButton":"autoqueueOptionsButton"},"hueSlider_colorsOptionsButton":{"Value":150,"Type":"Slider","OptionsButton":"colorsOptionsButton"},"colorsOptionsButton":{"Enabled":true,"Window":"otherWindow","Type":"OptionsButton"},"autoqueueOptionsButton":{"Enabled":false,"Window":"utilitiesWindow","Type":"OptionsButton"},"canScaleToggle_guiOptionsButton":{"Enabled":true,"Type":"Toggle","OptionsButton":"guiOptionsButton"},"fromDropdown_tracersOptionsButton":{"Value":"middle","Type":"Dropdown","OptionsButton":"tracersOptionsButton"},"delaySlider_autorejoinOptionsButton":{"Value":0,"Type":"Slider","OptionsButton":"autorejoinOptionsButton"},"only behindToggle_tracersOptionsButton":{"Enabled":false,"Type":"Toggle","OptionsButton":"tracersOptionsButton"},"queueDropdown_autoqueueOptionsButton":{"Type":"Dropdown","OptionsButton":"autoqueueOptionsButton"},"rainbowToggle_colorsOptionsButton":{"Enabled":false,"Type":"Toggle","OptionsButton":"colorsOptionsButton"},"transparencySlider_tracersOptionsButton":{"Value":0.5,"Type":"Slider","OptionsButton":"tracersOptionsButton"},"keystrokesToggle_hudOptionsButton":{"Enabled":false,"Type":"Toggle","OptionsButton":"hudOptionsButton"},"optionsMultiDropdown_speedOptionsButton":{"Type":"MultiDropdown","Values":{"bhop":{"Value":"bhop","Enabled":false,"Toggle":null},"pulse":{"Value":"pulse","Enabled":false,"Toggle":null}},"OptionsButton":"speedOptionsButton"},"thicknessSlider_tracersOptionsButton":{"Value":0.5,"Type":"Slider","OptionsButton":"tracersOptionsButton"},"verticalToggle_flyOptionsButton":{"Enabled":true,"Type":"Toggle","OptionsButton":"flyOptionsButton"},"valueSlider_spinbotOptionsButton":{"Value":20,"Type":"Slider","OptionsButton":"spinbotOptionsButton"},"watermarkToggle_array listCustomWindow":{"Enabled":false,"Type":"Toggle","CustomWindow":"array listCustomWindow"},"valueSlider_fovchangerOptionsButton":{"Value":90,"Type":"Slider","OptionsButton":"fovchangerOptionsButton"},"scaleSlider_nametagsOptionsButton":{"Value":1,"Type":"Slider","OptionsButton":"nametagsOptionsButton"},"speedOptionsButton":{"Enabled":false,"Window":"movementWindow","Type":"OptionsButton"},"color modeDropdown_espOptionsButton":{"Value":"team","Type":"Dropdown","OptionsButton":"espOptionsButton"},"custom textTextbox_array listCustomWindow":{"CustomWindow":"array listCustomWindow","Value":"","Type":"Textbox"},"positionDropdown_tracersOptionsButton":{"Value":"head","Type":"Dropdown","OptionsButton":"tracersOptionsButton"},"scaleSlider_array listCustomWindow":{"CustomWindow":"array listCustomWindow","Value":1,"Type":"Slider"},"blinkOptionsButton":{"Enabled":false,"Window":"exploitsWindow","Type":"OptionsButton"},"highjumpOptionsButton":{"Enabled":false,"Window":"movementWindow","Type":"OptionsButton"},"tracersOptionsButton":{"Enabled":false,"Window":"renderWindow","Type":"OptionsButton"},"autorejoinOptionsButton":{"Enabled":true,"Window":"utilitiesWindow","Type":"OptionsButton"},"fovchangerOptionsButton":{"Enabled":false,"Window":"renderWindow","Type":"OptionsButton"},"transparencySlider_keystrokesCustomWindow":{"CustomWindow":"keystrokesCustomWindow","Value":0,"Type":"Slider"},"spinbotOptionsButton":{"Enabled":false,"Window":"miscWindow","Type":"OptionsButton"},"valueSlider_flyOptionsButton":{"Value":50.3,"Type":"Slider","OptionsButton":"flyOptionsButton"},"array listCustomWindow":{"Type":"CustomWindow","Position":{"Y":{"Scale":0.5,"Offset":0},"X":{"Scale":0.5,"Offset":0}}},"modeDropdown_flyOptionsButton":{"Value":"cframe","Type":"Dropdown","OptionsButton":"flyOptionsButton"},"color modeDropdown_nametagsOptionsButton":{"Value":"team","Type":"Dropdown","OptionsButton":"nametagsOptionsButton"},"vertical valueSlider_flyOptionsButton":{"Value":20,"Type":"Slider","OptionsButton":"flyOptionsButton"},"valueSlider_highjumpOptionsButton":{"Value":20,"Type":"Slider","OptionsButton":"highjumpOptionsButton"},"keystrokesCustomWindow":{"Type":"CustomWindow","Position":{"Y":{"Scale":0.5,"Offset":0},"X":{"Scale":0.5,"Offset":0}}},"modeDropdown_speedOptionsButton":{"Value":"cframe","Type":"Dropdown","OptionsButton":"speedOptionsButton"},"rainbow smoothnessSlider_colorsOptionsButton":{"Value":23,"Type":"Slider","OptionsButton":"colorsOptionsButton"},"uninjectOptionsButton":{"Enabled":false,"Window":"otherWindow","Type":"OptionsButton"},"color modeDropdown_tracersOptionsButton":{"Value":"team","Type":"Dropdown","OptionsButton":"tracersOptionsButton"},"modeMultiDropdown_blinkOptionsButton":{"Type":"MultiDropdown","Values":{"outgoing":{"Value":"outgoing","Enabled":true,"Toggle":null},"incoming":{"Value":"incoming","Enabled":true,"Toggle":null}},"OptionsButton":"blinkOptionsButton"},"fullbrightOptionsButton":{"Enabled":false,"Window":"renderWindow","Type":"OptionsButton"},"guiOptionsButton":{"Bind":"RightShift","Enabled":false,"Window":"otherWindow","Type":"OptionsButton"},"array listToggle_hudOptionsButton":{"Enabled":false,"Type":"Toggle","OptionsButton":"hudOptionsButton"},"phaseOptionsButton":{"Enabled":false,"Window":"exploitsWindow","Type":"OptionsButton"},"scaleSlider_keystrokesCustomWindow":{"CustomWindow":"keystrokesCustomWindow","Value":1,"Type":"Slider"},"custom textToggle_array listCustomWindow":{"Enabled":false,"Type":"Toggle","CustomWindow":"array listCustomWindow"},"hudOptionsButton":{"Enabled":false,"Window":"otherWindow","Type":"OptionsButton"},"axisMultiDropdown_spinbotOptionsButton":{"Type":"MultiDropdown","Values":{"y":{"Value":"y","Enabled":true,"Toggle":null},"x":{"Value":"x","Enabled":false,"Toggle":null},"z":{"Value":"z","Enabled":false,"Toggle":null}},"OptionsButton":"spinbotOptionsButton"}}