{"hitboxesOptionsButton":{"Enabled":true,"Window":"combatWindow","Type":"OptionsButton"},"anti humanoid tagToggle_nametagsOptionsButton":{"Enabled":false,"Type":"Toggle","OptionsButton":"nametagsOptionsButton"},"speedSlider_flyOptionsButton":{"Value":32.6,"Type":"Slider","OptionsButton":"flyOptionsButton"},"max distanceSlider_killauraOptionsButton":{"Value":18,"Type":"Slider","OptionsButton":"killauraOptionsButton"},"canScaleToggle_guiOptionsButton":{"Enabled":true,"Type":"Toggle","OptionsButton":"guiOptionsButton"},"cframe speedSlider_speedOptionsButton":{"Value":29.6,"Type":"Slider","OptionsButton":"speedOptionsButton"},"nukerOptionsButton":{"Enabled":true,"Window":"utilitiesWindow","Type":"OptionsButton"},"acdisablerOptionsButton":{"Bind":"X","Enabled":true,"Window":"exploitsWindow","Type":"OptionsButton"},"espOptionsButton":{"Enabled":true,"Window":"renderWindow","Type":"OptionsButton"},"colorsOptionsButton":{"Enabled":true,"Window":"otherWindow","Type":"OptionsButton"},"show targetToggle_killauraOptionsButton":{"Enabled":true,"Type":"Toggle","OptionsButton":"killauraOptionsButton"},"detectMultiDropdown_staffdetectorOptionsButton":{"Type":"MultiDropdown","Values":{"Famous":{"Toggle":null,"Value":"Famous","Enabled":false},"Moderator":{"Toggle":null,"Value":"Moderator","Enabled":false},"Owner":{"Toggle":null,"Value":"Owner","Enabled":false},"Engineer (devops)":{"Toggle":null,"Value":"Engineer (devops)","Enabled":false},"Anticheat Manager":{"Toggle":null,"Value":"Anticheat Manager","Enabled":false},"Junior Moderator":{"Toggle":null,"Value":"Junior Moderator","Enabled":false},"Media":{"Toggle":null,"Value":"Media","Enabled":false},"Artist":{"Toggle":null,"Value":"Artist","Enabled":false},"Community Manager":{"Toggle":null,"Value":"Community Manager","Enabled":false},"Emoji Artist":{"Toggle":null,"Value":"Emoji Artist","Enabled":false},"Engineer":{"Toggle":null,"Value":"Engineer","Enabled":false},"Anticheat Mod":{"Toggle":null,"Value":"Anticheat Mod","Enabled":false},"Senior Moderator":{"Toggle":null,"Value":"Senior Moderator","Enabled":false},"Tester":{"Toggle":null,"Value":"Tester","Enabled":false},"Game Director":{"Toggle":null,"Value":"Game Director","Enabled":false},"Lead Moderator":{"Toggle":null,"Value":"Lead Moderator","Enabled":false}},"OptionsButton":"staffdetectorOptionsButton"},"autotoxicOptionsButton":{"Enabled":false,"Window":"miscWindow","Type":"OptionsButton"},"delaySlider_lagbackallOptionsButton":{"Value":0.1,"Type":"Slider","OptionsButton":"lagbackallOptionsButton"},"pulse delaySlider_speedOptionsButton":{"Value":0,"Type":"Slider","OptionsButton":"speedOptionsButton"},"valueSlider_spinbotOptionsButton":{"Value":20,"Type":"Slider","OptionsButton":"spinbotOptionsButton"},"kill other (<plr>)Textlist_autotoxicOptionsButton":{"Type":"Textlist","Values":[],"OptionsButton":"autotoxicOptionsButton"},"watermarkToggle_array listCustomWindow":{"Enabled":false,"Type":"Toggle","CustomWindow":"array listCustomWindow"},"custom textTextbox_array listCustomWindow":{"CustomWindow":"array listCustomWindow","Value":"","Type":"Textbox"},"positionDropdown_tracersOptionsButton":{"Value":"head","Type":"Dropdown","OptionsButton":"tracersOptionsButton"},"lagbackallOptionsButton":{"Enabled":false,"Window":"exploitsWindow","Type":"OptionsButton"},"keystrokesToggle_hudOptionsButton":{"Enabled":false,"Type":"Toggle","OptionsButton":"hudOptionsButton"},"valueSlider_hitboxesOptionsButton":{"Value":2,"Type":"Slider","OptionsButton":"hitboxesOptionsButton"},"killauraOptionsButton":{"Enabled":true,"Window":"combatWindow","Type":"OptionsButton"},"fromDropdown_tracersOptionsButton":{"Value":"middle","Type":"Dropdown","OptionsButton":"tracersOptionsButton"},"rangeSlider_nukerOptionsButton":{"Value":29,"Type":"Slider","OptionsButton":"nukerOptionsButton"},"tracersOptionsButton":{"Enabled":false,"Window":"renderWindow","Type":"OptionsButton"},"scaleSlider_array listCustomWindow":{"CustomWindow":"array listCustomWindow","Value":1,"Type":"Slider"},"bounce speedSlider_flyOptionsButton":{"Value":1.5,"Type":"Slider","OptionsButton":"flyOptionsButton"},"staffdetectorOptionsButton":{"Enabled":true,"Window":"utilitiesWindow","Type":"OptionsButton"},"vertical speedSlider_flyOptionsButton":{"Value":50,"Type":"Slider","OptionsButton":"flyOptionsButton"},"noslowOptionsButton":{"Enabled":true,"Window":"utilitiesWindow","Type":"OptionsButton"},"base speedSlider_speedOptionsButton":{"Value":50,"Type":"Slider","OptionsButton":"speedOptionsButton"},"valSlider_colorsOptionsButton":{"Value":100,"Type":"Slider","OptionsButton":"colorsOptionsButton"},"flyOptionsButton":{"Bind":"C","Enabled":false,"Window":"movementWindow","Type":"OptionsButton"},"modeDropdown_highjumpOptionsButton":{"Value":"toggle","Type":"Dropdown","OptionsButton":"highjumpOptionsButton"},"keystrokesCustomWindow":{"Type":"CustomWindow","Position":{"Y":{"Scale":0.5,"Offset":0},"X":{"Scale":0.5,"Offset":0}}},"rainbow smoothnessSlider_colorsOptionsButton":{"Value":23,"Type":"Slider","OptionsButton":"colorsOptionsButton"},"array listToggle_hudOptionsButton":{"Enabled":true,"Type":"Toggle","OptionsButton":"hudOptionsButton"},"max targetsSlider_killauraOptionsButton":{"Value":1,"Type":"Slider","OptionsButton":"killauraOptionsButton"},"guiOptionsButton":{"Bind":"RightShift","Enabled":false,"Window":"otherWindow","Type":"OptionsButton"},"fullbrightOptionsButton":{"Enabled":true,"Window":"renderWindow","Type":"OptionsButton"},"nofallOptionsButton":{"Enabled":true,"Window":"utilitiesWindow","Type":"OptionsButton"},"modeDropdown_flyOptionsButton":{"Value":"cframe","Type":"Dropdown","OptionsButton":"flyOptionsButton"},"axisMultiDropdown_spinbotOptionsButton":{"Type":"MultiDropdown","Values":{"y":{"Toggle":null,"Value":"y","Enabled":false},"x":{"Toggle":null,"Value":"x","Enabled":false},"z":{"Toggle":null,"Value":"z","Enabled":false}},"OptionsButton":"spinbotOptionsButton"},"bounce heightSlider_flyOptionsButton":{"Value":1.8,"Type":"Slider","OptionsButton":"flyOptionsButton"},"valueSlider_fovchangerOptionsButton":{"Value":120,"Type":"Slider","OptionsButton":"fovchangerOptionsButton"},"pulse durationSlider_flyOptionsButton":{"Value":0.09,"Type":"Slider","OptionsButton":"flyOptionsButton"},"color modeDropdown_espOptionsButton":{"Value":"team","Type":"Dropdown","OptionsButton":"espOptionsButton"},"sprintOptionsButton":{"Enabled":true,"Window":"movementWindow","Type":"OptionsButton"},"bed break (<team>)Textlist_autotoxicOptionsButton":{"Type":"Textlist","Values":[],"OptionsButton":"autotoxicOptionsButton"},"valueSlider_flyOptionsButton":{"Value":20,"Type":"Slider","OptionsButton":"flyOptionsButton"},"speedSlider_speedOptionsButton":{"Value":60,"Type":"Slider","OptionsButton":"speedOptionsButton"},"rainbowToggle_colorsOptionsButton":{"Enabled":false,"Type":"Toggle","OptionsButton":"colorsOptionsButton"},"delaySlider_autorejoinOptionsButton":{"Value":0,"Type":"Slider","OptionsButton":"autorejoinOptionsButton"},"only behindToggle_tracersOptionsButton":{"Enabled":false,"Type":"Toggle","OptionsButton":"tracersOptionsButton"},"own death (<plr>)Textlist_autotoxicOptionsButton":{"Type":"Textlist","Values":[],"OptionsButton":"autotoxicOptionsButton"},"verticalToggle_flyOptionsButton":{"Enabled":true,"Type":"Toggle","OptionsButton":"flyOptionsButton"},"sortDropdown_killauraOptionsButton":{"Value":"smart","Type":"Dropdown","OptionsButton":"killauraOptionsButton"},"own bed break (<plr>)Textlist_autotoxicOptionsButton":{"Type":"Textlist","Values":[],"OptionsButton":"autotoxicOptionsButton"},"satSlider_colorsOptionsButton":{"Value":100,"Type":"Slider","OptionsButton":"colorsOptionsButton"},"velocityOptionsButton":{"Enabled":true,"Window":"combatWindow","Type":"OptionsButton"},"speedOptionsButton":{"Enabled":true,"Window":"movementWindow","Type":"OptionsButton"},"pulse durationSlider_speedOptionsButton":{"Value":1,"Type":"Slider","OptionsButton":"speedOptionsButton"},"transparencySlider_tracersOptionsButton":{"Value":0.5,"Type":"Slider","OptionsButton":"tracersOptionsButton"},"autorejoinOptionsButton":{"Enabled":false,"Window":"utilitiesWindow","Type":"OptionsButton"},"fovchangerOptionsButton":{"Enabled":true,"Window":"renderWindow","Type":"OptionsButton"},"transparencySlider_keystrokesCustomWindow":{"CustomWindow":"keystrokesCustomWindow","Value":0,"Type":"Slider"},"spinbotOptionsButton":{"Enabled":false,"Window":"miscWindow","Type":"OptionsButton"},"modeDropdown_fovchangerOptionsButton":{"Value":"set","Type":"Dropdown","OptionsButton":"fovchangerOptionsButton"},"array listCustomWindow":{"Type":"CustomWindow","Position":{"Y":{"Scale":0.5,"Offset":-361},"X":{"Scale":0.5,"Offset":849}}},"scaleSlider_nametagsOptionsButton":{"Value":1,"Type":"Slider","OptionsButton":"nametagsOptionsButton"},"highjumpOptionsButton":{"Enabled":false,"Window":"movementWindow","Type":"OptionsButton"},"verticalSlider_velocityOptionsButton":{"Value":0,"Type":"Slider","OptionsButton":"velocityOptionsButton"},"custom textToggle_array listCustomWindow":{"Enabled":false,"Type":"Toggle","CustomWindow":"array listCustomWindow"},"valueSlider_highjumpOptionsButton":{"Value":100,"Type":"Slider","OptionsButton":"highjumpOptionsButton"},"modeDropdown_speedOptionsButton":{"Value":"cframe","Type":"Dropdown","OptionsButton":"speedOptionsButton"},"color modeDropdown_tracersOptionsButton":{"Value":"team","Type":"Dropdown","OptionsButton":"tracersOptionsButton"},"uninjectOptionsButton":{"Enabled":false,"Window":"otherWindow","Type":"OptionsButton"},"modeMultiDropdown_blinkOptionsButton":{"Type":"MultiDropdown","Values":{"outgoing":{"Toggle":null,"Value":"outgoing","Enabled":false},"incoming":{"Toggle":null,"Value":"incoming","Enabled":false}},"OptionsButton":"blinkOptionsButton"},"vertical valueSlider_flyOptionsButton":{"Value":20,"Type":"Slider","OptionsButton":"flyOptionsButton"},"fastuseOptionsButton":{"Enabled":true,"Window":"utilitiesWindow","Type":"OptionsButton"},"base speedSlider_flyOptionsButton":{"Value":25,"Type":"Slider","OptionsButton":"flyOptionsButton"},"valueSlider_speedOptionsButton":{"Value":20,"Type":"Slider","OptionsButton":"speedOptionsButton"},"scaleSlider_keystrokesCustomWindow":{"CustomWindow":"keystrokesCustomWindow","Value":1,"Type":"Slider"},"nametagsOptionsButton":{"Enabled":true,"Window":"renderWindow","Type":"OptionsButton"},"color modeDropdown_nametagsOptionsButton":{"Value":"team","Type":"Dropdown","OptionsButton":"nametagsOptionsButton"},"thicknessSlider_tracersOptionsButton":{"Value":0.5,"Type":"Slider","OptionsButton":"tracersOptionsButton"},"hueSlider_colorsOptionsButton":{"Value":150,"Type":"Slider","OptionsButton":"colorsOptionsButton"},"horizontalSlider_velocityOptionsButton":{"Value":0,"Type":"Slider","OptionsButton":"velocityOptionsButton"},"pulse delaySlider_flyOptionsButton":{"Value":0.01,"Type":"Slider","OptionsButton":"flyOptionsButton"},"optionsMultiDropdown_speedOptionsButton":{"Type":"MultiDropdown","Values":{"bhop":{"Toggle":null,"Value":"bhop","Enabled":false},"pulse":{"Toggle":null,"Value":"pulse","Enabled":false}},"OptionsButton":"speedOptionsButton"},"hudOptionsButton":{"Enabled":true,"Window":"otherWindow","Type":"OptionsButton"},"multiToggle_killauraOptionsButton":{"Enabled":true,"Type":"Toggle","OptionsButton":"killauraOptionsButton"},"blinkOptionsButton":{"Enabled":false,"Window":"exploitsWindow","Type":"OptionsButton"}}